aircraft,repetition,warmup,elapsed_ns,simulated_s,real_time_factor
5,-1,True,64210058,10.0,155.73884079033226
5,0,False,63919822,10.0,156.44599260617466
5,1,False,61348725,10.0,163.00257258810186
5,2,False,66223164,10.0,151.00456390153752
5,3,False,71513290,10.0,139.83414831005535
5,4,False,62569916,10.0,159.82121503886947
25,-1,True,66021027,10.0,151.46689553920447
25,0,False,68309631,10.0,146.39224152740627
25,1,False,68625072,10.0,145.71933709592318
25,2,False,74004094,10.0,135.12765928868745
25,3,False,65901600,10.0,151.74138412420942
25,4,False,67604991,10.0,147.91807309019535
100,-1,True,79706157,10.0,125.4608223051075
100,0,False,76963675,10.0,129.93142544193736
100,1,False,84335000,10.0,118.57473172466946
100,2,False,91002060,10.0,109.88762232415397
100,3,False,77018735,10.0,129.83853863608638
100,4,False,79978686,10.0,125.03331200014964
