case_count,repetition,warmup,elapsed_ns,ns_per_clearance
16,-1,True,682541,42658.8125
16,0,False,627489,39218.0625
16,1,False,1105669,69104.3125
16,2,False,522457,32653.5625
16,3,False,525482,32842.625
16,4,False,482488,30155.5
68,-1,True,2440678,35892.32352941176
68,0,False,2179235,32047.573529411766
68,1,False,2238463,32918.57352941176
68,2,False,2428974,35720.205882352944
68,3,False,2873694,42260.205882352944
68,4,False,2302361,33858.25
116,-1,True,3815988,32896.44827586207
116,0,False,3703207,31924.19827586207
116,1,False,3714920,32025.172413793105
116,2,False,4114674,35471.3275862069
116,3,False,4000259,34484.99137931035
116,4,False,3838785,33092.974137931036
